{
    "users": [
        {
            "name": "python-b5",
            "password": "$argon2id$v=19$m=65536,t=3,p=4$zlU15qdpvmj2mPndi6z1vw$xlULL7cfPWADSEch+huHbOYlWGy6YMcxjTYHp3jVEpo",
            "levels": [
                {
                    "name": "Over and Under",
                    "description": "Difficulty: *",
                    "level": "#####################################\n#                    H             E#\n#                    H            ######\n#                #   H   ##            #\n#        ###         #XXXXXXXX#######  #\n#   ###              #              ## #\n#S              ##   #                 #\n####XXXXXXXXXXXX###  #    ##############\n                  #      ##\n                  #     ##\n                  #X###X#"
                },
                {
                    "name": "Building Blocks",
                    "description": "Difficulty: ***",
                    "level": "                              E               \nXXXXXXXXXXXXXXXXXXXXXXXXXXX       XXXXXXXXXXXX\nX                                            X\nX ############   ###########     ########### X\nX ############   #          #   #          # X\nX ############   #                X        # X\nX ############   #         ##   ##X    #X X# X\nX ############       ###    #   ####       # X\nX ############   ##XX###XXXX#   ####XXXXX ## X\nX                X                 X         X\nX # ##########   ############   ## ######  # X\nX #          #   #S  #      H   #      X## # X\nX ##         #   ### #      #   #    X X   # X\nX #          #              #   #  ##X X X## X\nX #XXX#XXX#  #   #        ###   #          # X\nX ########## #   #X###XXXX###   #XXXXX###XX# X\nX            X                               X\nX ### ########   ############   ############ X\nX #          #   ############   ############ X\nX #  ##      #   ############   ############ X\nX #          #   ############   ############ X\nX #      ##      ############   ############ X\nX #XXXXXX##X##   ############   ############ X\nX                                            X\nXXXXXXXXXXXXXXXXXXXXXXXXXXXXXXXXXXXXXXXXXXXXXX"
                },
                {
                    "name": "Punishment",
                    "description": "Difficulty: *****",
                    "level": "   ##########         ####\n   #    #   ####   ####  #\n   #    #   #  #####     ##############################\n   #    #         #  ##  #           #             E  #\n   #        #      #  #X #         # # ##   ##  ##### #X\n   #    #   #   #     #  #        ##             #XXX  X\n####        #   # ##  #  ##            #    #   ##X   #X\n#S      #   #   #     # X#        #  #           #X    X\n#########XXX#XXX#XXXXH#  ##                     X#   X#X\n                    # #                    XXX  X    X#\n                    # #####XXXXXXXXXXXXXXXXX XXXX#   X#\n                    #                                X#\n                    ###   X   X     #   #     #  #   X#\n                    #     X   X           #     #    X#\n                    #XXX#XXX#XXX#XXXXXX#XXXXXXXXXXXXXX#"
                }
            ]
        }
    ]
}